id;betrag;waehrung;zimmerkategorie;verpflegung;zahlungsart;anreise;abreise;anzahl_gaeste;gast_id
1;1;EUR;EINZELZIMMER;UEBERNACHTUNG;KREDITKARTE;2025-03-01;2025-03-02;1;1
20;20;EUR;DOPPELZIMMER;FRUEHSTUECK;BAR;2025-03-05;2025-03-08;2;20
30;30;USD;FAMILIENZIMMER;HALBPENSION;PAYPAL;2025-04-01;2025-04-05;4;30
31;31;USD;JUNIOR_SUITE;VOLLPENSION;UEBERWEISUNG;2025-06-10;2025-06-12;2;30
40;40;CHF;SUITE;ALL_INCLUSIVE;KREDITKARTE;2025-05-01;2025-05-07;2;40
41;41;CHF;EINZELZIMMER;FRUEHSTUECK;BAR;2025-07-14;2025-07-15;1;40
42;42;CHF;DOPPELZIMMER;HALBPENSION;PAYPAL;2025-08-01;2025-08-10;2;40
50;50;GBP;PRESIDENTIAL_SUITE;ALL_INCLUSIVE;UEBERWEISUNG;2025-09-01;2025-09-04;3;50
60;60;GBP;FAMILIENZIMMER;VOLLPENSION;KREDITKARTE;2025-10-10;2025-10-17;5;60
61;61;GBP;JUNIOR_SUITE;UEBERNACHTUNG;BAR;2025-12-23;2025-12-27;2;60
